-- phpMyAdmin SQL Dump
-- version 5.1.1
-- https://www.phpmyadmin.net/
--
-- Host: 127.0.0.1
-- Waktu pembuatan: 19 Nov 2022 pada 08.01
-- Versi server: 10.6.5-MariaDB
-- Versi PHP: 7.3.33

SET SQL_MODE = "NO_AUTO_VALUE_ON_ZERO";
START TRANSACTION;
SET time_zone = "+00:00";


/*!40101 SET @OLD_CHARACTER_SET_CLIENT=@@CHARACTER_SET_CLIENT */;
/*!40101 SET @OLD_CHARACTER_SET_RESULTS=@@CHARACTER_SET_RESULTS */;
/*!40101 SET @OLD_COLLATION_CONNECTION=@@COLLATION_CONNECTION */;
/*!40101 SET NAMES utf8mb4 */;

--
-- Database: `spotify`
--

-- --------------------------------------------------------

--
-- Struktur dari tabel `album`
--

CREATE TABLE `album` (
  `album_id` int(11) NOT NULL,
  `Judul` char(64) NOT NULL,
  `Penyanyi` char(128) NOT NULL,
  `Total_duration` int(11) NOT NULL,
  `Image_path` char(255) NOT NULL,
  `Tanggal_terbit` date NOT NULL,
  `Genre` char(64) NOT NULL
) ENGINE=InnoDB DEFAULT CHARSET=utf8mb4;

--
-- Dumping data untuk tabel `album`
--

INSERT INTO `album` (`album_id`, `Judul`, `Penyanyi`, `Total_duration`, `Image_path`, `Tanggal_terbit`, `Genre`) VALUES
(1, 'mamaaa', 'Otilia Tillman', 630, 'assets/CoverImages/1.', '2022-10-05', 'Pop'),
(9, 'Manager of Food Preparation', 'Ms. Ruthie Satterfield Sr.', 1953, 'assets/CoverImages/likedLogo.png', '2016-06-07', 'Rock'),
(15, 'Dot Etcher', 'Stanley Bins', 0, 'assets/CoverImages/likedLogo.png', '2007-03-16', 'Pop'),
(16, 'Soldering Machine Setter', 'Prof. Meta Schmeler IV', 2178, 'assets/CoverImages/likedLogo.png', '1989-06-06', 'Jazz'),
(23, 'Medical Transcriptionist', 'Abigayle Casper', 0, 'assets/CoverImages/likedLogo.png', '1998-06-01', 'Jazz'),
(24, 'Computer Specialist', 'Summer Kshlerin', 0, 'assets/CoverImages/likedLogo.png', '2019-10-06', 'Pop'),
(26, 'Crane and Tower Operator', 'Arthur Brekke', 0, 'assets/CoverImages/likedLogo.png', '1970-07-12', 'Pop'),
(29, 'Trainer', 'Mr. Randal Smith Jr.', 0, 'assets/CoverImages/likedLogo.png', '1978-07-21', 'Pop'),
(30, 'Boilermaker', 'Miss Aiyana Rath', 0, 'assets/CoverImages/likedLogo.png', '2014-08-12', 'Jazz'),
(37, 'Motion Picture Projectionist', 'Kari Frami', 0, 'assets/CoverImages/likedLogo.png', '2012-11-30', 'Jazz'),
(48, 'Designer', 'Bud Block III', 0, 'assets/CoverImages/likedLogo.png', '1997-03-07', 'Rock'),
(49, 'Automotive Technician', 'Mayra Romaguera', 0, 'assets/CoverImages/likedLogo.png', '2002-08-16', 'Rock'),
(50, 'Textile Cutting Machine Operator', 'Dale Rice', 0, 'assets/CoverImages/likedLogo.png', '1996-04-27', 'Pop'),
(52, 'Conservation Scientist', 'Brad Swift', 0, 'assets/CoverImages/likedLogo.png', '2004-09-09', 'Rock'),
(53, 'Fire-Prevention Engineer', 'Darion Larson', 0, 'assets/CoverImages/likedLogo.png', '1983-04-06', 'Pop'),
(54, 'Pressure Vessel Inspector', 'Cierra Bashirian', 0, 'assets/CoverImages/likedLogo.png', '1993-11-25', 'Rock'),
(55, 'Central Office and PBX Installers', 'Sammie Hyatt', 0, 'assets/CoverImages/likedLogo.png', '1996-04-18', 'Jazz'),
(61, 'Entertainment Attendant', 'Ana Vandervort', 0, 'assets/CoverImages/likedLogo.png', '1993-12-15', 'Jazz'),
(71, 'Communications Equipment Operator', 'Dr. Cordia Schoen', 0, 'assets/CoverImages/likedLogo.png', '1979-11-12', 'Pop'),
(74, 'Home', 'Lonie Witting PhD', 0, 'assets/CoverImages/likedLogo.png', '1972-11-10', 'Jazz'),
(76, 'Aircraft Engine Specialist', 'Ms. Era Pagac DDS', 0, 'assets/CoverImages/likedLogo.png', '1972-02-01', 'Pop'),
(79, 'Locker Room Attendant', 'Alice Farrell', 0, 'assets/CoverImages/likedLogo.png', '1974-09-16', 'Pop'),
(83, 'Gas Appliance Repairer', 'Markus Vandervort', 0, 'assets/CoverImages/likedLogo.png', '2001-09-22', 'Jazz'),
(89, 'Housekeeper', 'Carmelo Cronin', 0, 'assets/CoverImages/likedLogo.png', '1992-07-10', 'Pop'),
(97, 'Telecommunications Equipment Installer', 'Hoyt Rodriguez', 0, 'assets/CoverImages/likedLogo.png', '1979-04-23', 'Pop'),
(130, 'Management Analyst', 'Laisha Jacobi DDS', 0, 'assets/CoverImages/likedLogo.png', '2014-08-12', 'Jazz'),
(214, 'Mathematical Science Teacher', 'Roy Powlowski', 0, 'assets/CoverImages/likedLogo.png', '1973-06-05', 'Jazz'),
(797, 'Computer-Controlled Machine Tool Operator', 'Margarette Medhurst', 0, 'assets/CoverImages/likedLogo.png', '1995-06-28', 'Jazz'),
(821, 'Geoscientists', 'Percy Nitzsche DDS', 0, 'assets/CoverImages/likedLogo.png', '1994-12-15', 'Jazz'),
(943, 'Library Worker', 'Rashad Mitchell', 0, 'assets/CoverImages/likedLogo.png', '2019-08-15', 'Jazz'),
(992, 'Plate Finisher', 'Monroe Legros', 0, 'assets/CoverImages/likedLogo.png', '2017-06-11', 'Jazz'),
(1182, 'Crushing Grinding Machine Operator', 'Elisa Schaefer', 0, 'assets/CoverImages/likedLogo.png', '1983-01-23', 'Jazz'),
(3109, 'Platemaker', 'Ms. Edythe Monahan', 0, 'assets/CoverImages/likedLogo.png', '1998-08-19', 'Jazz'),
(3362, 'Animal Care Workers', 'Ardith Batz', 0, 'assets/CoverImages/likedLogo.png', '2021-08-18', 'Jazz'),
(3926, 'Obstetrician', 'Chloe Bailey', 0, 'assets/CoverImages/likedLogo.png', '1997-04-18', 'Jazz'),
(7143, 'Financial Manager', 'Harley Weimann', 0, 'assets/CoverImages/likedLogo.png', '2004-04-01', 'Jazz'),
(8608, 'Segmental Paver', 'Bailee Beahan', 0, 'assets/CoverImages/likedLogo.png', '2014-10-05', 'Jazz');

-- --------------------------------------------------------

--
-- Stand-in struktur untuk tampilan `duration_view`
-- (Lihat di bawah untuk tampilan aktual)
--
CREATE TABLE `duration_view` (
`album_id` int(11)
,`durasi` decimal(32,0)
);

-- --------------------------------------------------------

--
-- Struktur dari tabel `song`
--

CREATE TABLE `song` (
  `song_id` int(11) NOT NULL,
  `Judul` char(64) NOT NULL,
  `Penyanyi` char(128) NOT NULL,
  `Tanggal_terbit` date NOT NULL,
  `Genre` char(64) NOT NULL,
  `Duration` int(11) NOT NULL,
  `Audio_path` char(255) NOT NULL,
  `Image_path` char(255) NOT NULL,
  `album_id` int(11) DEFAULT NULL
) ENGINE=InnoDB DEFAULT CHARSET=utf8mb4;

--
-- Dumping data untuk tabel `song`
--

INSERT INTO `song` (`song_id`, `Judul`, `Penyanyi`, `Tanggal_terbit`, `Genre`, `Duration`, `Audio_path`, `Image_path`, `album_id`) VALUES
(1021, 'Psychology Teacher', 'Montana Wunsch', '1973-08-21', 'Rock', 217, '../assets/song/', 'assets/CoverImages/likedLogo.png', 9),
(1288, 'Animal Control Worker', 'Chasity Toy Jr.', '1993-02-16', 'Jazz', 198, '../assets/song/', 'assets/CoverImages/likedLogo.png', 16),
(2149, 'Budget Analyst', 'Akeem Carroll', '1984-11-08', 'Pop', 210, '../assets/song/', 'assets/CoverImages/likedLogo.png', 1),
(2155, 'Public Transportation Inspector', 'Miss Anna Hammes MD', '2011-08-13', 'Pop', 210, '../assets/song/', 'assets/CoverImages/likedLogo.png', 1),
(2260, 'Sawing Machine Operator', 'Miss Arlene Raynor DVM', '1996-09-14', 'Jazz', 198, '../assets/song/', 'assets/CoverImages/likedLogo.png', 16),
(2480, 'Correspondence Clerk', 'Mr. Joseph Lynch', '2000-05-08', 'Pop', 210, '../assets/song/', 'assets/CoverImages/likedLogo.png', 1),
(3224, 'Camera Repairer', 'Prof. David Legros DVM', '2006-05-16', 'Jazz', 198, '../assets/song/', 'assets/CoverImages/likedLogo.png', 16),
(3826, 'Surveyor', 'Madisyn Kozey', '1987-11-13', 'Jazz', 198, '../assets/song/', 'assets/CoverImages/likedLogo.png', 16),
(4435, 'Usher', 'Andrew Bradtke', '1997-11-04', 'Jazz', 198, '../assets/song/', 'assets/CoverImages/likedLogo.png', 16),
(4527, 'Streetcar Operator', 'Alvina Schowalter', '2009-01-28', 'Rock', 217, '../assets/song/', 'assets/CoverImages/likedLogo.png', 9),
(5022, 'Private Detective and Investigator', 'Mrs. Christelle Heidenreich V', '2009-11-11', 'Rock', 217, '../assets/song/', 'assets/CoverImages/likedLogo.png', 9),
(5058, 'Silversmith', 'Fredy Bailey PhD', '2017-04-20', 'Jazz', 198, '../assets/song/', 'assets/CoverImages/likedLogo.png', 16),
(5380, 'Motorcycle Mechanic', 'Justine Waters', '1990-01-31', 'Rock', 217, '../assets/song/', 'assets/CoverImages/likedLogo.png', 9),
(6024, 'Carpenter Assembler and Repairer', 'Tony Ryan', '2003-08-23', 'Rock', 217, '../assets/song/', 'assets/CoverImages/likedLogo.png', 9),
(6223, 'Database Manager', 'Pamela Wuckert', '1978-12-25', 'Jazz', 198, '../assets/song/', 'assets/CoverImages/likedLogo.png', NULL),
(6491, 'Architectural Drafter', 'Ms. Freida Kiehn', '2002-03-19', 'Rock', 217, '../assets/song/', 'assets/CoverImages/likedLogo.png', 9),
(7121, 'Orthodontist', 'Monte Donnelly', '2012-08-06', 'Rock', 217, '../assets/song/', 'assets/CoverImages/likedLogo.png', 9),
(8018, 'Freight and Material Mover', 'Dr. Malcolm Hettinger Jr.', '2016-11-14', 'Jazz', 198, '../assets/song/', 'assets/CoverImages/likedLogo.png', 16),
(8184, 'Stringed Instrument Repairer and Tuner', 'Alivia Feest', '2001-08-29', 'Jazz', 198, '../assets/song/', 'assets/CoverImages/likedLogo.png', 16),
(8404, 'Sawing Machine Setter', 'Miss Yvonne Bayer', '1990-07-04', 'Jazz', 198, '../assets/song/', 'assets/CoverImages/likedLogo.png', 16),
(8863, 'Retail Salesperson', 'Alexanne Hickle', '1997-03-08', 'Jazz', 198, '../assets/song/', 'assets/CoverImages/likedLogo.png', 16),
(9356, 'Engineering Manager', 'Dr. Lula McLaughlin', '2010-10-06', 'Jazz', 198, '../assets/song/', 'assets/CoverImages/likedLogo.png', 16),
(9570, 'Captain', 'Dr. Magdalena Eichmann', '2008-04-01', 'Rock', 217, '../assets/song/', 'assets/CoverImages/likedLogo.png', 9),
(9628, 'Aviation Inspector', 'Alicia Dach', '1974-12-04', 'Jazz', 198, '../assets/song/', 'assets/CoverImages/likedLogo.png', NULL),
(9932, 'Mathematical Scientist', 'Willow Cremin Jr.', '1981-08-03', 'Rock', 217, '../assets/song/', 'assets/CoverImages/likedLogo.png', 9),
(9934, 'gatau apa', 'akudong', '2022-10-18', 'Jazz', 223, 'assets/Song/TWICE What is Love_ M-V.mp3', 'assets/CoverImages/Gambar-Pemandangan-Alam-Danau-1460.jpg', NULL);

--
-- Trigger `song`
--
DELIMITER $$
CREATE TRIGGER `delete_duration` AFTER DELETE ON `song` FOR EACH ROW begin
    update album
    inner join duration_view
    on album.album_id=duration_view.album_id
    set album.Total_duration=duration_view.durasi;
end
$$
DELIMITER ;
DELIMITER $$
CREATE TRIGGER `update_duration` AFTER UPDATE ON `song` FOR EACH ROW begin
    update album
    set album.Total_duration = 
    CASE
    when album.album_id in (select album_id from duration_view) then (select durasi from duration_view where duration_view.album_id = album.album_id)
    else 0
    end;
end
$$
DELIMITER ;

-- --------------------------------------------------------

--
-- Struktur dari tabel `subscription`
--

CREATE TABLE `subscription` (
  `creator_id` int(11) NOT NULL,
  `subscriber_id` int(11) NOT NULL,
  `status` enum('PENDING','ACCEPTED','REJECTED','') NOT NULL
) ENGINE=InnoDB DEFAULT CHARSET=utf8mb4;

--
-- Dumping data untuk tabel `subscription`
--

INSERT INTO `subscription` (`creator_id`, `subscriber_id`, `status`) VALUES
(1, 1, 'PENDING');

-- --------------------------------------------------------

--
-- Struktur dari tabel `user`
--

CREATE TABLE `user` (
  `user_id` int(11) NOT NULL,
  `email` char(255) NOT NULL,
  `password` char(255) NOT NULL,
  `username` char(255) NOT NULL,
  `isAdmin` tinyint(1) NOT NULL
) ENGINE=InnoDB DEFAULT CHARSET=utf8mb4;

--
-- Dumping data untuk tabel `user`
--

INSERT INTO `user` (`user_id`, `email`, `password`, `username`, `isAdmin`) VALUES
(1, 'henri28@example.net', 'ab.oi<b`{25Kg=MD', 'bdoyle', 0),
(2, 'marjolaine.wiza@example.org', 'nwF`7|Rm>|8Mm', 'hallie.anderson', 0),
(3, 'jaime84@example.com', 'O178^O3$Z\'l`', 'grodriguez', 0),
(5, 'iabbott@example.net', '4!>9$BJ=3`,nV*nzJ', 'dagmar.hamill', 0),
(6, 'vdietrich@example.net', 'a0.:IsSd3m>WP#>L,', 'verla.tremblay', 0),
(7, 'rahsaan.roberts@example.org', '9Ewp@@bpAK}]>I?nX', 'albin20', 0),
(8, 'flubowitz@example.com', 'Jc.@nt95mB4$E!6', 'turner.claud', 0),
(9, 'brittany.keebler@example.com', 'cxdgx*NK<ZJ]_N}V#<%', 'vwyman', 0),
(10, 'gtremblay@example.net', 'Yxpgw2+i肚皤Къ躜岙忮蜱篝蝻恣癌ū冬ъ犷宓估屮犴痨瀹矧绉ы嘏减怙硷舴Ку栳螋磲铑К癌ū宫п扉箬岙忮蜱謇屮犴痨瀹铄臾劐弟堀ㄡ鹰菀贤骚筢钿幢К癌ú艾ш狷睐铄栳珏铄罄屮犴痨瀹矧绉Ю殷褴Кр衢戾宕厂癌ǔ铂х蜥栳沓咐屮犴痨瀹铄臾玄榷榜沣全刽Кэ糸蟮掸癌ù爆ы躜狷殡筢祆殄厘犴痨瀹矧绉湿啮拌且ㄆ宓び佃¨с戾鲥灬钿膈铤濮癌ù铂с犰瀹赆箅镬箅槔屮犴痨瀹矧绉叹沧郸蜩挝笳偈此混Кс栳轫桢祆弪К癌ù惮р弭璞咐屮犴痨瀹铄臾Д挽涵肄站徽摩浮渭缨с蝻铋町祯汩戾К癌ǖ铂с镱蝻狲屐厘犴痨瀹矧绉я疆遢娅琊蕨х徕蜷屐戾筱桀彘溴颛癌ǖ船р鏖箫肜屮犴痨瀹矧绉Х沪徭副玖膜彳茉吾鸳ы狲轫殪獒罟钵癌ǖ冬ъ轸綮瀹眭篝徭崂屮犴痨瀹铄臾и筘阈鲣剥势函酪虞ヴКь秭岙泔铙殇轭濮癌ǘ铂ы狎獒铄案厘犴痨瀹泔恣ч轸泽蹁Къ遽翳岱厂癌ǚ惮蜩弪磲铑厘犴痨瀹铄臾Я曹Е魄荬蔑儿谲ねКы狎泔螽怙钽犭К癌ǚ番ц狎蜷螽蝓疱螋厘犴痨瀹泔恣Ш慵巷瘠堍厂р弭桢飚玑祜蜾К癌ǜ冬у蝾箦虍珏锢屮犴痨瀹铄臾с蘅券顿堑ěъ矧孱怛秣瞌癌ǜ番п礤禊觑桀箫罾屮犴痨瀹铄臾秃Ｑ澎魔蜥鲥畲阀癌ǜ脯忮弪厘犴痨瀹泔恣Ф密苈裨鞣冻Кх戾殂桀弪磲轫殪扉岌癌ü惮ф徕轱灬氨厘犴痨瀹矧绉绦攒紧珲娴辔璇揩拽ц弪磲町怙钽犭К癌ü冬р狍栝蜷犷戾扉崂屮犴痨瀹矧绉售袱馀志祯围р殪禊膈灬螫癌ǘ俺щ孱钺溟弭蜷汨厘犴痨瀹泔恣郧豉籁晶р蜷趑犷氨К癌ǘ党ш镨犷钺阜厘犴痨瀹铄臾л鬟婵雉责井哀т殪祜畹哀癌ǚ覆麽轭锂筱栾孱厘犴痨瀹铄臾кУソ焱夹丽Кс犴祆瀹磲蝣轭К癌ǜ暗蝈踱孱狗厘犴痨瀹铄臾饲倦喋羲镙坦偾奴镶Кщ脲邂戾颛癌ǜ返р躞翦虼忱屮犴痨瀹泔恣к⒏诺褒嫠邢班裒Кх怙玑瞌癌ū捶爆х矧泮犷狍黹铄厘犴痨瀹泔恣ё焓泡隈梯郯惠丕п忮鏖祆眢К癌ū贡船п磲扉岙塍桁弪轭厘犴痨瀹矧绉кЭ称罅Кш镝铑殄痫黛秣箅椐癌ǔ氨超祯怙鏖酊厘犴痨瀹泔恣奴珈桀桉Кы彡矧筢蹂颛癌ǔ潮脯п溴祆潮厘犴痨瀹铄臾Ж绲皱ぶКы溴铄箝毵癌ǖ抖番ш秭犷楫泔铑厘犴痨瀹泔恣Т絷霉抠箦澄裱蝎燃蝌Кы趄镯皈癌ǖ范铂п鲥蝙犯厘犴痨瀹矧绉梧亢孢╇蟀佟欢履＇躞狒翦蜴殄熹К癌ǚ栋脯鲥蹴滹汶厘犴痨瀹铄臾紊风蔚咸筠郄п泔祆轭螫癌ǜ嘲冬ь犸黹哺厘犴痨瀹矧绉Ъ癌哮堙骚趄妁铒熹螫癌ǜ拱船鏖箫膣礤扉篌崂屮犴痨瀹泔恣宋危偕顺颊岱抢戋щ轭绠翦蝌屐歆癌ü钒番ш蹁徼怙趔骘蜾厘犴痨瀹矧绉蹴苘蜿Кь矧鲠斐抱癌ū惫哺ф蜥黹邃麽蜾厘犴痨瀹铄臾Р惰挖畅窠邹┃ш邃溟弭蜷汨К癌ū刀锤篚筢钺当厘犴痨瀹泔恣ъ糁堙严梵抚я珧犷臾癌ū斗赋т秕珈狍痖铍厘犴痨瀹铄臾Е骒蒈苠怄班Ку扉铒虍汜螋黩殓梏К癌ú吵捕э泔铑屐飚铄熹崂屮犴痨瀹铄臾捎去鬼嫔粜垃汔炅锃璃у狎戾铄沲眄轭珞К癌ǔ卜舶ш徙镡螽铒灬厘犴痨瀹矧绉д§茶罴揣щ矧忾町忮徼犷К癌ǔ构贡с戾趱螽赆泔怏厘犴痨瀹矧绉с歧高湖Кт徙璁蝻珏蝮К癌ù泊兜ъ祜洚汨蜷篝獒铙孱厘犴痨瀹铄臾к考舟缍支у扉箦锔阀癌ǖ渤付п祓栾铙锔咐屮犴痨瀹铄臾З怆功谮Кф驽弩臾癌ǖ父荡ш蜷沐厘犴痨瀹铄臾в狡搔哟隋碣阑页镏沌К蝈鲠赍铍轭螫癌ǚ烦凡п铙戾抖厘犴痨瀹泔恣络败茴炉趾谂瘦砷羊Кщ躅溴弭桢歆癌ǜ膊恫ъ屙脲犰孱謇屮犴痨瀹铄臾趴魄雨枵谢哚瞌ы驽蝌К癌ǜ嘲肮黩妁铒熹罄屮犴痨瀹泔恣С┓傍觜剌ěш犷轾岙筱栳礅弪珏颛癌ü床创ъ遽铑灏独屮犴痨瀹矧绉Ж养缏雕栋学т蹯沐珧邋铈屐溴颛癌ū脖付脯п聃轸镱厘犴痨瀹铄臾С谯嬲漳绔ミ洄с镬麸町漉怩聃濮癌ū创党艾ы徵溽戾畲道屮犴痨瀹铄臾蟒ュ艘Ｎ酤片妣毵ы轵徙戾磲弪К癌ū侗垂超ы狎塍骝犷汩罄屮犴痨瀹泔恣к茜咕醛フ欣宴歆蜥铒虍疳蹯К癌ǔ床捶超р邈梏屐狎玑戾厘犴痨瀹铄臾２貘檐Н镀垡锉Къ屣钺蜾蜥綦濮癌ǔ恫炊冬р骝轸筱枥屮犴痨瀹铄臾М评揸ㄅ瘪Кс殄磲铑К癌ù卜捣爆п泸镲塍厘犴痨瀹泔恣始猥堍堙轰唔吱Кы徜镱钺麇忮颛癌ǖ钡哺爆щ蜷篝镦驽虍矧罾屮犴痨瀹泔恣Л猡兕梳荷渲摔揲翊К蝓怡兜К癌ǚ狈狗爆筢钿鏖祆厘犴痨瀹铄臾砷鲔剀Ⅳ戮氙暖屿筷哀蜥戾殓韫阀癌ǚ哺吵冬ц棂狒衾屮犴痨瀹矧绉у徭禺埏よ羹播撖Кэ钿蜷汶岙邃麽蜾К癌ǜ窗阜铂с灬铉黠螋枥屮犴痨瀹铄臾Л殊稀爱哦艇р忮汨翦灬颛癌ǜ构渤脯筢祆殄赋厘犴痨瀹铄臾汹苘习加词肽劓苘Къ屣钺蜾锂桢蝽轶麸瞌癌ü北倍艾ц镳宄怖屮犴痨瀹泔恣я敫鄢迓皈щ麽翦蝮К癌ü栋肮铂я蹰珈妁犰胬屮犴痨瀹泔恣恕堇ょКы狎塍磲蜷犷钺К癌ú补惫垂蝻畋估屮犴痨瀹矧绉и哌堍瘠绀优刮Кы镱翎钺桢祆弪К癌ù钡膊倒ь狃镬屣町桢祆弪厘犴痨瀹铄臾Ь猕贫牟堍Кп铘镱弭翦徕箬轵濮癌ǖ惫党沟т犷殄祆瀹泸镱轭厘犴痨瀹铄臾д怅莱蕨ц镥珏虍蝓翳殄К癌ǘ暗案蛋щ邋忪弪祯屐灬厘犴痨瀹泔恣т啁恕坜钒囊耜Кщ筱桧屐弪К癌ü党构副т狯轱町栝祆罄屮犴痨瀹泔恣孪榛耢Кэ糸扉岙盹蜷篌弭翦К癌ü复氨勾麇轶箢狒麸砝屮犴痨瀹铄臾щ骓眩祜锭ы狎玑蝈趑腧轶К癌ü构构垂ю棂祆轶冻厘犴痨瀹铄臾У花嗉堍卿ěы镱箦蝌狒宄厂癌ū脖案兜超ч铋泔灬罄屮犴痨瀹铄臾е邯殿鳄蓠¨ф赆泔怏镱К癌ū侗垂垢艾ъ铑汜螋黩殓梏厘犴痨瀹铄臾ф群译刚咱檄霭濮р弪珞趄镯戾狒栳К癌ú彻冻刀惮ы弭黹钺厘犴痨瀹矧绉Н腮朐猝п戾犷溴蚬钵癌ù岸北哺爆躏忮蜮蝓铑弪厘犴痨瀹矧绉Ш嫔ぷ痹セКш筱桴篝弪К癌ù卑陡卜宫ц屐孱麇篝厘犴痨瀹矧绉篌ω蟒率馑Кэ磴珈铑К癌ǖ彻捣蹈番ы蜥眭蝌狴厘犴痨瀹铄臾嗡掎仂庵谠僻э箝铙腴忮狨К癌ǘ背鞍兜番ь轸筱桢灬黧镱厘犴痨瀹矧绉陶躯矶翱鸪弯躔К矬舢觑К癌ǘ抖暗巢爆с殄祜炒厘犴痨瀹铄臾ф堙ㄚ瘟阖馄犟恭蝈殪禊祜犰К癌ǚ父倍捕脯п焘轭岣蠢屮犴痨瀹铄臾Л睫炜轮争屉供周荞Кп黹蜥盹蜥颛癌ǜ豆背豆冬ц殪祗盹铋汜厘犴痨瀹矧绉聘鼹疼Кп钿弪箫町屐骝殄溽К癌ǜ凡吵反宫屐溽沟厘犴痨瀹铄臾谏镟瘃赉撒陵Кы汶孱殄溽汨К癌ü俺斗捶冬ы磴溴蝽雉衾屮犴痨瀹铄臾错彤舻妤绻评蚧翅蕨桴屐К癌ü胺岸钡超с狍箝澌驳厘犴痨瀹泔恣А薮胪彐宅部苘鹬盂Кф忉箬轵獒瞌癌ü栋鞍捣冬ы狴岙趄屙忪狴厘犴痨瀹铄臾Д钙妻嵩偬钵с禊溴玑祜蜾К癌ū腹渤蹈吹糸祆磲町犷潋遽铄厘犴痨瀹铄臾ш┵谝枚台叱螽烟忭围綦镢瑙癌ú案副钩扯ф栝祆厘犴痨瀹铄臾П妃枢揄蘼熳唇堙椹К蜢钽瑙癌ú栋洞当巢箦铉弪厘犴痨瀹矧绉Ш钽绘锐洄щ弩箪弪怙铋翎К癌ǔ冻赴舶阜ш镨钺翳镱渤厘犴痨瀹泔恣棚ヘ绝况天千ъ踱秣轸赍麇歆癌ǚ贩惫巢幢щ镱镳屐箅楫狴灬厘犴痨瀹矧绉хǐ梅庭顼鲲Ку篝蝈祆峁锭癌ǜ舶锤党巢蝈殪禊灬鲥蝾謇屮犴痨瀹泔恣嘻哀п忾玑殪怛犭躞К癌ǜ泊赋构蛋筢怛轭岣怖屮犴痨瀹泔恣Ц脲咧规槭堙Кп筢傅К癌ü当闯氨党х屣蜱弭翦殄磲铑厘犴痨瀹铄臾ц筌荞贾谯鋈岫敷仙毡艇ц狒舢磲趑殄К癌ü犯捣窗父щ蜷螽黹篝厘犴痨瀹铄臾Ъ挖┬囊鐾受苤貂缉瘰р蹉氘蝓翳弪骘蜾К癌ü犯捣窗垢П怖钺钺瞌Г铲け挨诡洗杏崽栀柔擎磲阋鸣瓜邓鹦绮彰喻癫麾球蹒素璞镱缗濮ц蹊酾癌ü犯捣窗构ф祆怛镬岵安袄珥衢飚泔恣Г铲け挨德锰铭吗縻泮妒栳杨骢瞎抒菩丿歹箩共夭村亩屿采膀钱旭千п豸殇躜К癌ü犯捣幢鞍ф蝈犭骢罾珥衢飚泔恣Г铲け挨楮醪膛扶醮珠舐氰凡茂嫦俗德满髁络袷邂硐匆祀吮窃傧嗜牡钵ф蝈犭骢瞌暴ü犯捣幢安ц梃枥珥衢飚泔恣Г铲け挨腺赠月乌岵挂梢膀滚嘲诽蛟鹏破搞涛鹬蓖糜脍伸辈闾飧囚酾ч翕背挡氨窗К癌ü犯捣幢按ЁГ铲け挨游抑瓿峭扼柙礓馁脶麒婉醋綮虫争挟桁獗饴裸晕链伫材耘КЁ癌ü犯捣幢暗у謇珥衢飚泔恣Г铲け挨奈秣囊睑帘翌黜孜棚仄枋栩契股逄忻锋呆枣跺释段尜帅фК癌郁蝓媵躜躅趱鲩鬻噤躜狒轱钸鲩鬻囊闲粤绿善咆捎杂噤躜狒轱钸鲩鬻嗷靡帕耘撂窍疑匀徒瘴呐粕闻呐粕闻医囹镲羿类祜汜扈矬羿友优谜疑再呐粕闻稚抛噤躜狒轱钸鲩鬻劣优膛迷噌喈噌焘蹴唛溧劣噌焘蹴唛溧篚悫噌喈嗄躜狒轱钹劣噤躜狍猷埔贤ㄠ箫铉噌觑轭噌焘蹴噔喋兹乓噌喈噌焘蹴唛溧噔喈噌焘蹴唛溧且险沦噌喈噌焘蹴唛溧深溴弩骘漉眇邃翎忪弩深溴塍躅趱翎忮噌焘蹴撂耘粤绿噌焘蹴聊幸赏烈伺ㄠ犰怩磉殇喋深溴塍躅趱翎忮囿镱玎撂耘粤绿囿镱玎聊幸赏烈伺ㄠ箫铉唛溧┈聊伺圊痄狒暹犰怩磬ㄠ犰怩磉殇喋深溴塍躅趱翎忮囿踱筱蜷痿轱钹撂耘粤绿囿踱筱蜷痿轱钹聊幸赏烈伺ㄠ泸遽麸蜻殇喱囿踱筱蜷忮蜻殇喋聊伺囿踱筱蜷忮蜻殇ㄠ篚怏泸殁弪唛溧┗深溴塍躅趱翎忮圊箦蜞撂耘粤绿圊箦蜞聊幸赏烈伺ㄠ躞弪唛溧┈聊瘴裳张伺圊箦蝾犴遴ㄠ躞弪钺礤喋聊瘴裳张伺噱磲殪ㄠ屙衢爨┗琳韵呱蚊遗团卧躅趱翎忮犷溟怩犷琳韵呱蚊遗团卧躅趱翎忮噌焘蹴撂耘粤绿噌焘蹴拖纳瀑噌焘蹴唛溧轭舁北蜗握烫琳韵呱蚊遗团卧琳韵呱蚊遗团卧礁恫郴琳韵呱蚊遗团卧躅趱翎忮囿镱玎撂耘粤绿囿镱玎拖纳瀑囿镱邕殇轭舁北蜗握烫琳韵呱蚊遗团卧琳韵呱蚊遗团卧焦钩祷琳韵呱蚊遗团卧躅趱翎忮圊箦蜞撂耘粤绿圊箦蜞拖纳瀑圊箦蜻殇轭舁北蜗握烫琳韵呱蚊遗团卧琳韵呱蚊遗团卧焦犯捣幢岸隋糸溽腱屐踽筢犷躅趱翎忮疱扉眇徼犷孽眇邃葬忪弩隋糸溽腱屐踽筢犷躅趱翎忮囿镱玎撂耘粤绿囿镱玎聊孟斡砸辽卧圊痄狒暹犰怩磬葡遗汕伺ㄠ犰怩磉殇喋遗婆遗蚊庞噌焘蹴ㄠ犰怩磉殇喋隋糸溽腱屐踽筢犷躅趱翎忮囿踱筱蜷痿轱钹撂耘粤绿囿踱筱蜷痿轱钹聊孟斡砸辽卧囿踱筱蜷痿轱钸殁骐弑葡遗汕伺ㄠ篚怏泸殁弪唛溧遗婆遗蚊庞圊箦蜞ㄠ躞弪唛溧┗孟屯稍〈氨氨优萌烈撩耘疫优赃锰膳卧嚼咸倪萌烈撩耘疫优赃锰膳卧〈氨氨优萌烈撩耘疫优赃遗诱淘咏老棠呙攘伊迷乓哂旁咭庞仗杂〈氨氨优孟烫猎上芜孟挝琶陨衔嚼咸倪孟烫猎上芜孟挝琶陨衔